key,en,es,zh
TOWERDEFENSE_PLANT_TORCHWOODZ_NAME,Zombie Torchwood,Zombie Torchwood,僵尸火炬树桩
DIALOG_PAUSE,PAUSE,PAUSE,游戏暂停
TOWERDEFENSE_TIPS_AFTERNOON,SUN IS GOING DOWN,SUN IS GOING DOWN,太阳开始下山了!
TOWERDEFENSE_PLANT_GRAVEBUSTERG_NAME,Golden Goddess Marigold,Golden Goddess Marigold,宝藏吞噬者
TOWERDEFENSE_PLANT_GRAVEMINE_NAME,GraveMine,GraveMine,墓碑埋雷者
TOWERDEFENSE_PLANT_CATGATLINGPEA_NAME,Cat StarGatlingPea,Cat StarGatlingPea,猫猫星机枪
MAP_FRONTLAWN_EMPTY,"Front Yard (Day,Empty)","Front Yard (Day,Empty)",前院(白天裸地)
TOWERDEFENSE_PLANT_SQUASH_NAME,Squash,Squash,窝瓜
MAP_FRONTLAWN_NIGHT,Front Yard (Night),Front Yard (Night),前院(夜晚)
TOWERDEFENSE_ZOMBIE_SWANRIDER_NAME,Zombie Swanrider,Zombie Swanrider,白天鹅僵尸
LOAD_TALK,Load talk,Load talk,加载对话
TOWERDEFENSE_PLANT_MONEYNUT_NAME,Money-Nut,Money-Nut,坚果存钱罐
TOWERDEFENSE_PLANT_STRESSSHROOM_NAME,Stress Fume-shroom,Stress Fume-shroom,增压大喷菇
TOWERDEFENSE_ZOMBIE_BALLOONBOMB_NAME,BalloonPult Zombie,BalloonPult Zombie,气球炸弹
TOWERDEFENSE_PLANT_SUNSHROOM_NAME,Sun shroom,Sun shroom,阳光菇
TOWERDEFENSE_ZOMBIE_DOLPHINRIDER_NAME,Snorkel Zombie,Snorkel Zombie,海豚骑士僵尸
TOWERDEFENSE_ZOMBIE_IMPSKELETON_NAME,Skeleton ImpZombie,Skeleton ImpZombie,骷髅小鬼僵尸
TOWERDEFENSE_PLANT_GATLINGPOT_NAME,Gatlingpot,Gatlingpot,机枪花盆
TOWERDEFENSE_PLANT_DOOMCOBCANNON_NAME,Cannon of Destruction,Cannon of Destruction,毁灭加农炮
TOWERDEFENSE_PLANT_LIGHTBEAN_NAME,Light Bean,Light Bean,荧光豆
TOWERDEFENSE_PLANT_ROBOT_NAME,Plant Robot,Plant Robot,植物组合机甲
PLAYERS_SURVIVAL_LEVEL_DESCRIBE,-%d rounds completed,-%d rounds completed,-%d轮完成
TOWERDEFENSE_PLANT_PEASHOOTER_NAME,Peashooter,Peashooter,双发射手
TOWERDEFENSE_PLANT_SUNFLOWERSHROOM_NAME,SunFlower-Shroom,SunFlower-Shroom,阳光向日葵
LOAD_BGM,Load BGM,Load BGM,加载音乐
AWARD_COLLECTABLE_SHOVEL,You got a new shovel,You got a new shovel,你获得了一把新铲子!
TOWERDEFENSE_ZOMBIE_IMPSNAIL_NAME,Snail Imp,Snail Imp,蜗牛小鬼僵尸
TOWERDEFENSE_PLANT_SPIKEWEED_NAME,Spikeweed,Spikeweed,地刺
TOWERDEFENSE_PLANT_FIREDOOMSHROOM_NAME,Doomshroom,Doomshroom,烈焰毁灭菇
TOWERDEFENSE_ZOMBIE_SQUASH_NAME,Squash Zombie,Squash Zombie,窝瓜僵尸
PLAYERS_TRIP_TO_MODERN,{UserName}'s House,{UserName}'s House,{UserName}的房子
TOWERDEFENSE_PLANT_GARLICJALAPENO_NAME,Garlic-Jalapeno,Garlic-Jalapeno,大蒜辣椒
TOWERDEFENSE_PLANT_CORNPULT_NAME,Corn pitcher,Corn pitcher,玉米投手
TOWERDEFENSE_PLANT_MEDICPOT_NAME,Medic Pot,Medic Pot,治愈花盆
TOWERDEFENSE_ZOMBIE_CHESS_NAME,Chess Zombie,Chess Zombie,跳棋僵尸
LOAD_TUTORIAL,Load tutorial,Load tutorial,加载教程
TOWERDEFENSE_PLANT_DISGUISERBLOVER_NAME,Disguiser Blover,Disguiser Blover,伪装的三叶草
TOWERDEFENSE_ZOMBIE_BUCKETHEAD_NAME,Bucket Head Zombie,Bucket Head Zombie,铁桶僵尸
TOWERDEFENSE_ZOMBIE_PAPERBALL_NAME,Paper Ball Zombie,Paper Ball Zombie,冲锋橄榄读报僵尸
TOWERDEFENSE_PLANT_CALTROPSNOW_NAME,Snow Caltrop,Snow Caltrop,寒冰地刺
MAP_UNDEADVILLAGE_HALFLAWN,"Undead Village (Night,HalfLawn)","Undead Village (Night,HalfLawn)",鬼灵村庄(半草坪)
TOWERDEFENSE_PLANT_WINTERMELONPULT_NAME,WinterMelon Pult,WinterMelon Pult,冰瓜投手
TOWERDEFENSE_PLANT_PEALILYPAD_NAME,Pea waterlily,Pea waterlily,豌豆睡莲
TOWERDEFENSE_PLANT_PLANTERNTANGLEKELP_NAME,Tangled kelp plant,Tangled kelp plant,缠绕灯草
MAP_FRONTLAWN_NIGHT_COLD_BIG,"Front Yard (Winter Night,Big Map)","Front Yard (Winter Night,Big Map)",前院(冬夜大地图)
TOWERDEFENSE_PLANT_MELONPULT_NAME,Watermelon-Pult,Watermelon-Pult,西瓜投手
TOWERDEFENSE_READYPLACEZOMBIES_ZOMBIES,ZOMBIE!,ZOMBIE!,僵尸!
LEVLE_EVENT_GRAVESTONE_SPAWN_ZOMBIE,GravestoneSpawnZombie,GravestoneSpawnZombie,墓碑产生僵尸
TOWERDEFENSE_PLANT_THREEHYBIRDPEATER_NAME,Hybird Three-Peater,Hybird Three-Peater,杂交三线射手
TOWERDEFENSE_ZOMBIE_WILDPEA_NAME,Wild Gun Zombie,Wild Gun Zombie,狂野机枪僵尸
TOWERDEFENSE_ZOMBIE_NECROMANCERB_NAME,NecromancerB Zombie,NecromancerB Zombie,巨化法师僵尸
<!MissingKey:51:Fire Buff>,Fire Buff,Fire Buff,“四倍的面包，四倍的快乐！”身为面房的金牌烘焙师，增压大喷菇的工作效率远远高于大喷菇。但事实并不是它的技术有多高超，只是它能生产四倍的酵母孢，使得自己有四倍的容错率罢了。
MAP_FRONTLAWN_THREEPART,Front Yard (Three Part),Front Yard (Three Part),前院(三分)
TOWERDEFENSE_SHOVEL_JALAPENO_NAME,Jalapeno shovel,Jalapeno shovel,辣椒铲
TOWERDEFENSE_PLANT_DISGUISERCHERRY_NAME,Disguiser CherryBomb,Disguiser CherryBomb,伪装的樱桃炸弹
TOWERDEFENSE_PLANT_TABOOBEAN_NAME,TABOOBEAN,TABOOBEAN,禁忌咖啡豆
TOWERDEFENSE_ZOMBIE_SLEEP_NAME,Sleep Zombie,Sleep Zombie,小摔哥僵尸
TOWERDEFENSE_ZOMBIE_SNORKLE_DOOMTANGLEKELP_NAME,Tangled Seaweed Zombie,Tangled Seaweed Zombie,毁灭海草潜水僵尸
MAP_BACKYARD_NIGHT,Back Yard (Night),Back Yard (Night),后院(夜晚)
TOWERDEFENSE_PLANT_UMBRELLATORCH_NAME,Torch Umbrella,Torch Umbrella,火炬保护伞
<!MissingKey:60:Slow down Buff>,Slow down Buff,Slow down Buff,这是镇上最大的露天泳池，而且跟咱们只有几条街的距离！
TOWERDEFENSE_PLANT_HYPNOPATCH_NAME,HypnoPatch Shroom,HypnoPatch Shroom,魅惑菇丛
PLAYERS_MORDEN_LEVEL_NAME,Front Yard 1 - {LevelNumber},Front Yard 1 - {LevelNumber},前院告急1 - {LevelNumber}
PLAYERS_MORDEN_NIGHT_LEVEL_NAME,Nightfall 2 - {LevelNumber},Nightfall 2 - {LevelNumber},夜幕降临2 - {LevelNumber}
TOWERDEFENSE_ZOMBIE_GARGANTUARZOMBONIREDEYES_NAME,Zomboni RedEyesGargantuar,Zomboni RedEyesGargantuar,雪橇车红眼巨人僵尸
TOWERDEFENSE_SHOVEL_DIAMOND_NAME,Diamond Shovel,Diamond Shovel,钻石铲
TOWERDEFENSE_ZOMBIE_SCREEN_DOOR_NAME,Screen Door Zombie,Screen Door Zombie,铁栅门僵尸
LEVLE_EVENT_CHAGE_PROTAL_POS,ChangeProtalPos,ChangeProtalPos,改变传送门位置
MAP_TREASUREISLAND_BACKYARD,Gold and Silver Island,Gold and Silver Island,金银港
MAP_BACKYARD_FULL,"Back Yard (Day,Full Pool)","Back Yard (Day,Full Pool)",后院(白天全泳池)
LOAD_MAP,Load map,Load map,加载地图
LEVLE_EVENT_MAP_CHANGE,MapChange,MapChange,切换地图
TOWERDEFENSE_PLANT_WALLNUTHOLE_NAME,Wallnut Hole,Wallnut Hole,坑洞坚果
TOWERDEFENSE_ZOMBIE_DOOMSHROOM_NAME,Hot Pepper Zombie,Hot Pepper Zombie,毁灭菇僵尸
TOWERDEFENSE_PLANT_SEANUT_NAME,Sea Nut,Sea Nut,海坚果
TOWERDEFENSE_PLANT_APPLEGREEN_NAME,Rewind Clock,Rewind Clock,逆时闹钟
<!MissingKey:76:Registration failed>,Registration failed,Registration failed,"血量：[color=cc241d]500[/color]
伤害：[color=cc241d]150/s（挥砍）或 100/s（啃食）[/color]
佩戴：[color=cc241d]---[/color]
类型：[color=cc241d]小型僵尸[/color]
速度：[color=cc241d]快，跳跃后慢[/color]
特点：[color=cc241d]骑乘海豚跃过碰到的第一株植物，随后丢弃海豚[/color]
弱点：[color=441D62]高大植物[/color]"
TOWERDEFENSE_PLANT_WALLNUTSQUASH_NAME,Squash Nut,Squash Nut,窝瓜坚果
TOWERDEFENSE_PLANT_SPLITPEA_NAME,Splitting Pod Shooter,Splitting Pod Shooter,裂荚射手
TOWERDEFENSE_ZOMBIE_NECROMANCERG_NAME,NecromancerG Zombie,NecromancerG Zombie,重生法师僵尸
<!MissingKey:80:Create match failed>,Create match failed,Create match failed,全息投影花盆
TOWERDEFENSE_PLANT_CABBAGECOB_NAME,Cabbage Cob Mortar,Cabbage Cob Mortar,玉米卷迫击炮
TOWERDEFENSE_PLANT_CATTAIL_NAME,Cyperus,Cyperus,猫尾草
TOWERDEFENSE_TIPS_NIGHT,SUN IS GOING DOWN,SUN IS GOING DOWN,太阳落山了!
TOWERDEFENSE_PLANT_RECACTUS_NAME,ReCactus,ReCactus,双发仙人掌
TOWERDEFENSE_PLANT_NUTLEAF_NAME,Nutleaf,Nutleaf,坚果保护伞
TOWERDEFENSE_PLANT_NUTPULT_NAME,Nut Sunflower,Nut Sunflower,坚果投手
TOWERDEFENSE_ZOMBIE_LADDER_NAME,Escalator Zombie,Escalator Zombie,扶梯僵尸
TOWERDEFENSE_ZOMBIE_SKELETUAR_NAME,Skeleton Gargantuar,Skeleton Gargantuar,骷髅伽刚特尔
TOWERDEFENSE_PLANT_ICESTINKY_NAME,Ice-Stinky,Ice-Stinky,水晶蜗牛
TOWERDEFENSE_ZOMBIE_YETIFOOTBALL_NAME,Olive Snowman Zombie,Olive Snowman Zombie,橄榄雪人僵尸
MAP_FRONTLAWN,Front Yard (Day),Front Yard (Day),前院(白天)
TOWERDEFENSE_PLANT_PEACAT_NAME,Pea Cat,Pea Cat,豌豆香蒲
TOWERDEFENSE_PLANT_PRIMALNUT_NAME,Primal-Nut,Primal-Nut,原始坚果
TOWERDEFENSE_PLANT_MINIPINATA_NAME,Minipinata,Minipinata,迷你软糖
TOWERDEFENSE_PLANT_ICESPEARPEA_NAME,Ice Spear Pea,Ice Spear Pea,冰锥射手
MAP_OUTSIDE_FRONTLAWN,Outside Front Yard,Outside Front Yard,外部前院
TOWERDEFENSE_ZOMBIE_IMPDIGGER_NAME,Imp Digger,Imp Digger,矿工小鬼僵尸
TOWERDEFENSE_PLANT_INSANIKELP_NAME,Insanikelp,Insanikelp,怪怪水草
<!MissingKey:99:Password is empty>,Password is empty,Password is empty,向你的防线投掷危险的冰炸弹。
AWARD_PACKET_PLANT,You got a new plant!,You got a new plant!,你获得了一株新植物!
TOWERDEFENSE_ZOMBIE_DIGGERGATLINGPEA_NAME,Gatling Pea Digger Zombie,Gatling Pea Digger Zombie,机枪矿工僵尸
TOWERDEFENSE_PLANT_THREECORNPULT_NAME,Three-Cornpult,Three-Cornpult,三线玉米投手
TOWERDEFENSE_ZOMBIE_NEWSPAPER_NAME,Newspaper zombie,Newspaper zombie,读报僵尸
TOWERDEFENSE_ZOMBIE_THREEPEATER_NAME,ThreePeater Zombie,ThreePeater Zombie,三线射手僵尸
TOWERDEFENSE_PLANT_SNOWWOOD_NAME,Ice Torch Stump,Ice Torch Stump,冰炬树桩
TOWERDEFENSE_PLANT_UMBRELLLEAF_NAME,Radish protection umbrella,Radish protection umbrella,叶子保护伞
TOWERDEFENSE_PLANT_MAGNETSHROOMICE_NAME,Frozen Magnet Mushroom,Frozen Magnet Mushroom,寒冰磁力菇
TOWERDEFENSE_PLANT_PUMPKINPEA_NAME,Peashooter Pumpkin,Peashooter Pumpkin,豆荚壳
TOWERDEFENSE_ZOMBIE_CORNPULT_NAME,Cornpult Zombie,Cornpult Zombie,玉米投手僵尸
TOWERDEFENSE_ZOMBIE_WINTERMELONPULT_NAME,WinterMelonpult Zombie,WinterMelonpult Zombie,冰瓜投手僵尸
TOWERDEFENSE_PLANT_PEAVASE_NAME,Pea Vase,Pea Vase,罐子豌豆射手
MAP_FRONTLAWN_NIGHT_COLD,Front Yard (Winter Night),Front Yard (Winter Night),前院(冬夜)
TOWERDEFENSE_PLANT_LILYPAD_NAME,lily Pad,lily Pad,睡莲
TOWERDEFENSE_ZOMBIE_PEASHOOTERSINGLE_NAME,PeashooterSingle Zombie,PeashooterSingle Zombie,豌豆僵尸
TOWERDEFENSE_PLANT_FEVERSTAR_NAME,Fever Starfruit,Fever Starfruit,狂热星
TOWERDEFENSE_PLANT_PLANTERN_NAME,Street lamp flower,Street lamp flower,路灯花
TOWERDEFENSE_PLANT_JALAGHOST_NAME,Ghost-Jalapeno,Ghost-Jalapeno,魔鬼辣椒
TOWERDEFENSE_PLANT_STARLEAF_NAME,Starleaf,Starleaf,杨桃保护伞
TOWERDEFENSE_PLANT_PANGOLDBEAN_NAME,Pan Gold-bean,Pan Gold-bean,淘金豆
TOWERDEFENSE_ZOMBIE_BALLOONJACKSON_NAME,Balloon Zombie,Balloon Zombie,气球舞王僵尸
TOWERDEFENSE_PLANT_GARLICPOT_NAME,Garlic pot,Garlic pot,大蒜花盆
TOWERDEFENSE_SHOVEL_COLD_NAME,Cold Shovel,Cold Shovel,寒冰铲
BGM_FRONTLAWN_NIGHT,Front Yard Night,Front Yard Night,前院(夜晚)
TOWERDEFENSE_PLANT_TWINSUNSHROOM_NAME,Twin-SunFlowerShroom,Twin-SunFlowerShroom,双子阳光向日葵
TOWERDEFENSE_PLANT_MEDICPLANTERN_NAME,Medic-Plantern,Medic-Plantern,治愈路灯花
LEVLE_EVENT_TIPS_PLAY,TipsPlay,TipsPlay,播放警告
TOWERDEFENSE_PLANT_GLOOMSQUASH_NAME,Gloomsquash,Gloomsquash,窝瓜忧郁菇
TOWERDEFENSE_PLANT_BYWZ_NAME,BYWZ,BYWZ,备用物资
TOWERDEFENSE_PLANT_DISGUISERSUNFLOWER_NAME,Disguiser Sunflower,Disguiser Sunflower,伪装的向日葵
TOWERDEFENSE_PLANT_PUFFSHROOM_NAME,Little Puffcap,Little Puffcap,小喷菇
TOWERDEFENSE_ZOMBIE_TARGET_NAME,Target Zombie,Target Zombie,标靶僵尸
TOWERDEFENSE_ZOMBIE_IMPHACKER_NAME,Hacker ImpZombie,Hacker ImpZombie,黑客小鬼僵尸
TOWERDEFENSE_PLANT_SPRINGFUMESHROOM_NAME,Spring Fumeshroom,Spring Fumeshroom,QQ弹弹大喷菇
TOWERDEFENSE_ZOMBIE_DISCOGARGANTUAR_NAME,Zombie Disco Gargantuar,Zombie Disco Gargantuar,暴走舞王伽刚特尔
TOWERDEFENSE_ZOMBIE_IMP_HYPNOSHROOM_NAME,Seashroom ImpZombie,Seashroom ImpZombie,魅惑菇小鬼僵尸
DIALOG_RESUME,RESUME,RESUME,继续游戏
TOWERDEFENSE_PLANT_JALAJOKER_NAME,Joker-Jalapeno,Joker-Jalapeno,黄油Joker
TUTORIAL_NORMAL,I'm a pro,I'm a pro,我是高手
TOWERDEFENSE_ZOMBIE_POLEVAULTING_NAME,Pole Vauting Zombie,Pole Vauting Zombie,撑杆僵尸
PLAYERS_MORDEN_IZM2_BACKYARD_LEVEL_NAME,Izm2 Swimming Pool Defense 2 - {LevelNumber},Izm2 Swimming Pool Defense 2 - {LevelNumber},我是僵尸3 - {LevelNumber}
TOWERDEFENSE_PLANT_WALLNUSHOOTER_NAME,Wallnut Shooter,Wallnut Shooter,坚果保龄球
TOWERDEFENSE_PLANT_THREECACTUS_NAME,ThreeCactus,ThreeCactus,三叶仙人掌
LEVLE_EVENT_CURRENTMAP_USE_STRIPE,CurrentMapUseStripe,CurrentMapUseStripe,使用当前地图限制红线
TOWERDEFENSE_ZOMBIE_GARGANTUAR_NAME,Gargantuar,Gargantuar,伽刚特尔
TOWERDEFENSE_PLANT_CATPOT_NAME,CatPot,CatPot,猫砂盆
TOWERDEFENSE_ZOMBIE_CHOMPER_NAME,Melonpult Zombie,Melonpult Zombie,大嘴花僵尸
TOWERDEFENSE_ZOMBIE_DUCK_NAME,Yellow Duck Zombie,Yellow Duck Zombie,小黄鸭僵尸
TOWERDEFENSE_ZOMBIE_ANGEL_NAME,Angel Zombie,Angel Zombie,天使僵尸
TOWERDEFENSE_PLANT_BUTTERGLOOMSHROOM_NAME,Butter GloomShroom,Butter GloomShroom,黄油忧郁菇
MAP_BACKYARD,Back Yard (Day),Back Yard (Day),后院(白天)
TOWERDEFENSE_PLANT_JALAPENOPEPE_NAME,Pickled Pepper,Pickled Pepper,泡椒炸弹
TOWERDEFENSE_ZOMBIE_SHARK_NAME,Shark Zombie,Shark Zombie,鲨鱼僵尸
START_GAME,Start,Start,开始游戏
TOWERDEFENSE_ZOMBIE_BOSS_NAME,Zombie Boss,Zombie Boss,僵王博士
TOWERDEFENSE_TIPS_HUGEWAVE,A HUGE WAVE OF ZOMBIES IS APPROACHINE!,A HUGE WAVE OF ZOMBIES IS APPROACHINE!,一大波僵尸正在接近!
TOWERDEFENSE_PLANT_POTSPIKE_NAME,Thorny flower pot,Thorny flower pot,地刺花盆
MAP_FRONTLAWN_EMPTY_BIG,"Front Yard (Day,Empty,Big Map)","Front Yard (Day,Empty,Big Map)",前院(白天裸地大地图)
TOWERDEFENSE_PLANT_GRAVEBUSTER_NAME,Grave Monument Eater,Grave Monument Eater,墓碑吞噬者
TOWERDEFENSE_ZOMBIE_AXE_NAME,Axe Zombie,Axe Zombie,板斧僵尸
MAP_HEAVEN,Heaven,Heaven,天堂
TOWERDEFENSE_PLANT_FUMESHROOMC_NAME,Cherry Fumeshroom,Cherry Fumeshroom,樱桃大喷菇
TOWERDEFENSE_PLANT_SUNFLOWERZ_NAME,Zombie SunFlower,Zombie SunFlower,僵尸向日葵
TOWERDEFENSE_ZOMBIE_DISCO_NAME,Disco Zombie,Disco Zombie,迪斯科僵尸
TOWERDEFENSE_PLANT_JALAPURIFY_NAME,Purify Jalapeno,Purify Jalapeno,净化辣椒
TOWERDEFENSE_ZOMBIE_BALLOON_NAME,Balloon Zombie,Balloon Zombie,气球僵尸
TOWERDEFENSE_PLANT_APPLE_NAME,Time-Stop AppleClock,Time-Stop AppleClock,苹果闹钟
TOWERDEFENSE_PLANT_GWC_NAME,‌Dog-tail,‌Dog-tail,狗尾草
TOWERDEFENSE_ZOMBIE_JACKBOX_NAME,Toy Box Zombie,Toy Box Zombie,玩偶匣僵尸
MAINMENU,Main Menu,Main Menu,主菜单
INGAME_DIFFICULT,Difficulty:%s,Difficulty:%s,难度:%s
TOWERDEFENSE_PLANT_TALLNUTPS_NAME,Primal Spike-Nut,Primal Spike-Nut,原始钢刺果
TOWERDEFENSE_ZOMBIE_JACKSONX_NAME,Dancing Zombie,Dancing Zombie,精英舞王僵尸
<!MissingKey:173:Email is empty>,Email is empty,Email is empty,小摔哥僵尸讨厌早八！
PLAYERS_MORDEN_IZM2_LEVEL_NAME,Izm2 Front Yard 1 - {LevelNumber},Izm2 Front Yard 1 - {LevelNumber},我是僵尸1 - {LevelNumber}
TOWERDEFENSE_ZOMBIE_SNORKLE_TANGLEKELP_NAME,Tangled Seaweed Zombie,Tangled Seaweed Zombie,缠绕潜水僵尸
TOWERDEFENSE_TIPS_NIGHT_DEEP,SUN IS GOING UP,SUN IS GOING UP,太阳开始慢慢升起了！
TOWERDEFENSE_PLANT_PUMPKINFIREICE_NAME,Ice Flame Pumpkin Head,Ice Flame Pumpkin Head,冰焰南瓜壳
TOWERDEFENSE_READYPLACEZOMBIES_PLACE,Place...,Place...,放置...
TOWERDEFENSE_PLANT_HOTDOG_NAME,Hot Dog Shooter,Hot Dog Shooter,热狗射手
MAP_CHESS,Chess,Chess,跳棋棋盘
TOWERDEFENSE_PLANT_ICESUNMINE_NAME,Ice SunMine,Ice SunMine,寒光土豆雷
TOWERDEFENSE_PLANT_SCAREDYSUNSHROOM_NAME,ScaredySunShroom,ScaredySunShroom,阳光胆小菇
TOWERDEFENSE_PLANT_DIAMONDSEED_NAME,Diamond Seed,Diamond Seed,钻石种子
TOWERDEFENSE_ZOMBIE_COBCANNON_NAME,CobCannon Zombie,CobCannon Zombie,玉米加农炮僵尸
TOWERDEFENSE_PLANT_SNOWPEA_NAME,Ice Archer,Ice Archer,寒冰射手
TOWERDEFENSE_ZOMBIE_FOOTBALLGARGANTUAR_NAME,Football Gargantuar,Football Gargantuar,冲锋橄榄伽刚特尔
INGAME_RESELECT,RESELECT LAST CARD,RESELECT LAST CARD,重选上次卡片
TOWERDEFENSE_PLANT_GLOOMPULT_NAME,Gloompult,Gloompult,忧郁菇投手
TOWERDEFENSE_PLANT_POTATOCOBCANNON_NAME,Potato Cannon,Potato Cannon,土豆加农炮
BGM_LOONBOON,Loonboon,Loonboon,小游戏
TOWERDEFENSE_READYSETPLANTS_READY,Ready..,Ready..,准备..
TOWERDEFENSE_PLANT_SUNBEAN_NAME,SunBean,SunBean,阳光豆
MAP_UNDEADVILLAGE_LAWN,"Undead Village (Night,Lawn)","Undead Village (Night,Lawn)",鬼灵村庄(草坪)
TOWERDEFENSE_PLANT_GARLICBOMB_NAME,Garlic-CherryBomb,Garlic-CherryBomb,大蒜炸弹
MAP_FRONTLAWN_NIGHT_EMPTY,"Front Yard (Night,Empty)","Front Yard (Night,Empty)",前院(夜晚裸地)
TOWERDEFENSE_ZOMBIE_GARGANTUARDIAMOND_NAME,Diamond Gargantuar,Diamond Gargantuar,钻石伽刚特尔
TOWERDEFENSE_SHOVEL_MAGNET_NAME,Magnetic shovel,Magnetic shovel,磁力铲
TOWERDEFENSE_ZOMBIE_DOLPHINMJ_NAME,Dancing King Dolphin Zombie,Dancing King Dolphin Zombie,舞王海豚僵尸
CHALLENGE_LEVEL_DIALMONDNAME_1,Cupid Battle - {LevelNumber},,魅惑菇射手 挑战 - {LevelNumber}
TOWERDEFENSE_PLANT_WALLNUT_NAME,Wallnut,Wallnut,坚果墙
CHALLENGE_LEVEL_DIALMONDNAME_2,Hypno DoomShroom Battle - {LevelNumber},,魅惑毁灭菇 挑战 - {LevelNumber}
CHALLENGE_LEVEL_DIALMONDNAME_3,God of Wealth Marigold Battle - {LevelNumber},,财神金盏花 挑战 - {LevelNumber}
TOWERDEFENSE_PLANT_WALLNUTZ_NAME,Zombie Wallnut,Zombie Wallnut,僵尸坚果
CHALLENGE_LEVEL_DIALMONDNAME_4,SunGod Bean Battle - {LevelNumber},,太阳神咖啡豆 挑战 - {LevelNumber}
CHALLENGE_LEVEL_DIALMONDNAME_5,Golden Goddess Marigold - {LevelNumber},,宝藏吞噬者 挑战 - {LevelNumber}
CHALLENGE_LEVEL_DIALMONDNAME_6,Pinata - {LevelNumber},,消消乐糖果 挑战 - {LevelNumber}
CHALLENGE_LEVEL_DIALMONDNAME_7,Cardless - {LevelNumber},,全息卡牌投影 挑战 - {LevelNumber}
MAP_TREASUREISLAND_BACKYARD_NIGHT,Gold and Silver Island Night,Gold and Silver Island Night,金银港(夜晚)
TOWERDEFENSE_PLANT_SUNPOT_NAME,Sunflower pot,Sunflower pot,阳光花盆
TOWERDEFENSE_PLANT_PUMPKIN_NAME,Pumpkin shell,Pumpkin shell,南瓜壳
MAP_OUTSIDE_BACKYARD_NIGHT,Outside Back Yard Night,Outside Back Yard Night,外部后院(夜晚)
BGM_CEREBRAW,Brain War,Brain War,解迷
TOWERDEFENSE_ZOMBIE_SHIELDARMOR_NAME,Zombie Shield,Zombie Shield,防爆门僵尸
TOWERDEFENSE_ZOMBIE_IMP_PEASHOOTERSINGLE_NAME,Seashroom ImpZombie,Seashroom ImpZombie,豌豆小鬼僵尸
PLAYERS_MORDEN_TREASUREISLAND_LEVEL_NAME,TreasureIsland Battle 7 - {LevelNumber},TreasureIsland Battle Battle 7 - {LevelNumber},金银港口7 - {LevelNumber}
LOAD_MOD,Load mod,Load mod,加载模组
TOWERDEFENSE_ZOMBIE_FOOTBALL_FUMESHROOM_NAME,Football FumeShroom Zombie,Football FumeShroom Zombie,大喷菇橄榄球僵尸
BGM_ULTIMATE_BATTLE,Ultimate Battle,Ultimate Battle,传送带
TOWERDEFENSE_PLANT_GIFTMACHINE_NAME,Gift Machine,Gift Machine,礼盒机
MAP_FRONTLAWN_NIGHT_BIG,"Front Yard (Night,Big Map)","Front Yard (Night,Big Map)",前院(夜晚大地图)
NEXTLEVEL,Next level,Next level,下一关
LOAD_PACKETBANK,Load packetbank,Load packetbank,加载卡牌库
TOWERDEFENSE_ZOMBIE_FLAG_NAME,Flag Zombie,Flag Zombie,摇旗僵尸
TOWERDEFENSE_ZOMBIE_ICETALLNUT_NAME,Nut Zombie,Nut Zombie,高冰果僵尸
MAP_OUTSIDE_FRONTLAWN_NIGHT,Outside Front Yard Night,Outside Front Yard Night,外部前院(夜晚)
TOWERDEFENSE_PLANT_JALAPULT_NAME,Jalapeno-Pult,Jalapeno-Pult,川菜投手
TOWERDEFENSE_ZOMBIE_NORMAL_NAME,Normal Zombie,Normal Zombie,普通僵尸
TOWERDEFENSE_ZOMBIE_CATAPULT_NAME,Catapult Zombie,Catapult Zombie,投石车僵尸
TOWERDEFENSE_ZOMBIE_FOOTBALLIMPBLACKWHITEEYES_NAME,BlackFootball ImpZombie,BlackFootball ImpZombie,冲锋黑橄榄小鬼僵尸
CHALLENGE_LEVEL_NAME_4,Hamburger Battle - {LevelNumber},,汉堡射手 挑战 - {LevelNumber}
TOWERDEFENSE_PLANT_WINTERMELONPULTX_NAME,Frozen Ice Melon Pitcher,Frozen Ice Melon Pitcher,极寒冰瓜投手
TOWERDEFENSE_PLANT_TALLNUTARMED_NAME,Armed Tall-nut,Armed Tall-nut,装甲高坚果
CHALLENGE_LEVEL_NAME_5,HotDog Battle - {LevelNumber},,热狗射手 挑战 - {LevelNumber}
TOWERDEFENSE_PLANT_GARLIC_NAME,Garlic,Garlic,大蒜
CHALLENGE_LEVEL_NAME_6,Doomshroom Cannon Battle - {LevelNumber},,毁灭加农炮 挑战 - {LevelNumber}
TOWERDEFENSE_PLANT_COFFEEBEAN_NAME,Coffee beans,Coffee beans,咖啡豆
TOWERDEFENSE_ZOMBIE_SNOWPEA_NAME,SnowPea Zombie,SnowPea Zombie,寒冰射手僵尸
CHALLENGE_LEVEL_NAME_7,Pea Cannon Battle - {LevelNumber},,豌豆大炮 挑战 - {LevelNumber}
CHALLENGE_LEVEL_NAME_1,QueenSunFlower Battle - {LevelNumber},,向日葵女王 挑战 - {LevelNumber}
CHALLENGE_LEVEL_NAME_2,WildPeashooter Battle - {LevelNumber},,狂野机枪射手 挑战 - {LevelNumber}
TOWERDEFENSE_ZOMBIE_SHADOW_NAME,Shadow Zombie,Shadow Zombie,影子僵尸
CHALLENGE_LEVEL_NAME_3,IceTallNut Battle - {LevelNumber},,高冰果 挑战 - {LevelNumber}
TOWERDEFENSE_ZOMBIE_DOLPHINSN_NAME,Snorkel Zombie,Snorkel Zombie,潜水海豚僵尸
CHALLENGE_LEVEL_NAME_8,Wintermelon Cat Battle - {LevelNumber},,冰瓜香蒲 挑战 - {LevelNumber}
CHALLENGE_LEVEL_NAME_9,VIPNut Battle - {LevelNumber},,至尊VIP坚果 挑战 - {LevelNumber}
TOWERDEFENSE_PLANT_PLANTERNSIX_NAME,Sixth streetlight flower,Sixth streetlight flower,6号路灯花
<!MissingKey:247:I'm a veteran>,I'm a veteran,Back Yard,商店购买（价格10000）
TOWERDEFENSE_PLANT_STARCALTROP_NAME,Caltrop-Starfruit,Caltrop-Starfruit,地刺杨桃
TOWERDEFENSE_ZOMBIE_WALLNUTABC_NAME,Nutty Zombie Box,Nutty Zombie Box,套盒坚果僵尸
TOWERDEFENSE_PLANT_SUNMINE_NAME,SunMine,SunMine,阳光土豆雷
TOWERDEFENSE_PLANT_PEAWELL_NAME,Pea Wish Pool,Pea Wish Pool,豌豆许愿池
TOWERDEFENSE_ZOMBIE_CATAPOW_NAME,Artillery Zombie,Artillery Zombie,火箭炮僵尸
TOWERDEFENSE_PLANT_FIRESNOWPEA_NAME,Ice Fire Splitting Archer,Ice Fire Splitting Archer,冰火裂荚射手
TOWERDEFENSE_PLANT_DOOMTANGLEKELP_NAME,Doom Tangle Kelp,Doom Tangle Kelp,毁灭海草
TOWERDEFENSE_ZOMBIE_IMP_NAME,ImpZombie,ImpZombie,小鬼僵尸
TOWERDEFENSE_ZOMBIE_GATLINGDOLPHINRIDER_NAME,Snorkel Zombie,Snorkel Zombie,机枪海豚僵尸
TOWERDEFENSE_PLANT_THREEPEATERZ_NAME,Zombie ThreePeashooter,Zombie ThreePeashooter,僵尸三线射手
TOWERDEFENSE_SHOVEL_GOLD_NAME,Gold Shovel,Gold Shovel,金铲
TOWERDEFENSE_ZOMBIE_IMPDIGGERSPIKE_NAME,DiggerSpike ImpZombie,DiggerSpike ImpZombie,矿工地刺小鬼僵尸
TOWERDEFENSE_PLANT_ICESQUASH_NAME,Ice Squash,Ice Squash,冰菇窝瓜
TOWERDEFENSE_ZOMBIE_IMP_PEASHOOTERZ_NAME,Seashroom ImpZombie,Seashroom ImpZombie,僵尸豌豆小鬼僵尸
TOWERDEFENSE_ZOMBIE_GHOST_NAME,Hypno Zombie,Hypno Zombie,僵尸幽灵
BGM_BACKYARD,Back Yard,Back Yard,后院(白天)
TOWERDEFENSE_PLANT_GATLINGCABBAGE_NAME,Gatling Cabbage,Gatling Cabbage,机枪卷心菜投手
TOWERDEFENSE_PLANT_THREEPEATER_NAME,Three-line shooter,Three-line shooter,三线射手
MAP_FRONTLAWN_NIGHT_EMPTY_BIG,"Front Yard (Night,Empty,Big Map)","Front Yard (Night,Empty,Big Map)",前院(夜晚裸地大地图)
TOWERDEFENSE_ZOMBIE_ZOMBONI_GATLINGPEA_NAME,Sledge Zombie,Sledge Zombie,机枪冰车僵尸
TOWERDEFENSE_PLANT_GARLICCHOMPER_NAME,Garlic Chomper,Garlic Chomper,大蒜大嘴花
TOWERDEFENSE_PLANT_ICESUNSHROOM_NAME,Ice Sunshroom,Ice Sunshroom,寒光菇
TOWERDEFENSE_PLANT_PEAPOT_NAME,PeaPot,PeaPot,豌豆花盆
TOWERDEFENSE_PLANT_BLOVER_NAME,Clover,Clover,三叶草
TOWERDEFENSE_PLANT_LILYLEAF_NAME,Lily Leaf,Lily Leaf,荷叶伞
TOWERDEFENSE_ZOMBIE_ARMORED_GARGANTUAR_NAME,Armored Gargantuar,Armored Gargantuar,武装伽刚特尔
TOWERDEFENSE_ZOMBIE_IMP_SUNPULT_NAME,Sunpult ImpZombie,Sunpult ImpZombie,阳光菇投手小鬼僵尸
LOAD_COLLECTABLE,Load collectable,Load collectable,加载收集物
INGAME_VIEW,VIEW GRASS,VIEW GRASS,查看草坪
TOWERDEFENSE_PLANT_HAMBURGER_NAME,Hamburger,Hamburger,汉堡射手
TOWERDEFENSE_ZOMBIE_FARMER_NAME,Farmer Zombie,Farmer Zombie,农夫僵尸
TOWERDEFENSE_ZOMBIE_PRESENTBOX_NAME,PresentBox Zombie,PresentBox Zombie,抽奖盒子僵尸
MAP_OUTSIDE_BACKYARD,Outside Back Yard,Outside Back Yard,外部后院
TOWERDEFENSE_PLANT_SUNPULT_NAME,Sunshroom Pult,Sunshroom Pult,阳光菇投手
<!MissingKey:282:Log in failed>,Log in failed,Cat bed,猫砂盆
TOWERDEFENSE_ZOMBIE_MAGNETIC_NAME,Magnetic Zombie,Magnetic Zombie,磁场僵尸
TOWERDEFENSE_PLANT_GOLDCAT_NAME,Golden Cat,Golden Cat,招财猫
BGM_FIREMODE,FireMode,FireMode,射击模式
TOWERDEFENSE,Defense,Defense,塔防
TOWERDEFENSE_ZOMBIE_GARDENER_NAME,Gardener Zombie,Gardener Zombie,园丁僵尸
TOWERDEFENSE_PLANT_SQUASHCANDY_NAME,Rewind Clock,Rewind Clock,窝瓜跳跳糖
TOWERDEFENSE_PLANT_SUNFLOWER_NAME,Sunflower,Sunflower,向日葵
TOWERDEFENSE_ZOMBIE_ZOMBONI_ICESHROOM_NAME,Sledge Zombie,Sledge Zombie,寒冰菇冰车僵尸
TOWERDEFENSE_ZOMBIE_FATGOLD_NAME,FatGold Zombie,FatGold Zombie,财主僵尸
DIALOG_USERNAME,USERNAME,USERNAME,用户名
TOWERDEFENSE_PLANT_TABOODOOMSHROOM_NAME,Taboo Doomshroom,Taboo Doomshroom,禁忌毁灭菇
TOWERDEFENSE_PLANT_JALATORCH_NAME,Jalatorch,Jalatorch,火炬辣椒
TOWERDEFENSE_PLANT_CHERRYPEA_NAME,CherryPea,CherryPea,豌豆炸弹
TOWERDEFENSE_PLANT_PEASHOOTERZ_NAME,Zombie Peashooter,Zombie Peashooter,僵尸豌豆射手
TOWERDEFENSE_ZOMBIE_SKELETON_NAME,Skeleton Zombie,Skeleton Zombie,骷髅僵尸
TOWERDEFENSE_PLANT_CATPUMPKIN_NAME,Cat bed,Cat bed,猫窝
TOWERDEFENSE_PLANT_LUCKYBLOVER_NAME,Lucky-Blover,Lucky-Blover,幸运四叶草
TOWERDEFENSE_PLANT_SQUASHVASE_NAME,Squash Vase,Squash Vase,罐子窝瓜
BGM_FRONTLAWN,Front Yard,Front Yard,前院(白天)
TOWERDEFENSE_ZOMBIE_FIRENUT_NAME,FireNut Zombie,FireNut Zombie,火炬坚果僵尸
TOWERDEFENSE_PLANT_WINTERMELONSHROOM_NAME,WinterMelon Mushroom,WinterMelon Mushroom,冰瓜大喷菇
BGM_BACKYARD_NIGHT,Back Yard Night,Back Yard Night,后院(夜晚)
TOWERDEFENSE_PLANT_MARIGOLDG_NAME,Golden Goddess Marigold,Golden Goddess Marigold,财神金盏花
LOAD_SHOP,Load shop,Load shop,加载商店
BGM_ROOF,Roof,Roof,屋顶(白天)
DIALOG_EMAIL,EMAIL,EMAIL,邮箱
DIALOG_MUSIC,Music,Music,音乐
LEVLE_EVENT_CURRENTMAP_USE_WARNINGLINE,CurrentMapUseWarningLine,CurrentMapUseWarningLine,使用当前地图警戒线
<!MissingKey:311:I'm a beginner>,I'm a beginner,Hypno Zombie,机枪冰车僵尸
MAP_FRONTLAWN_NIGHT_THREEPART,"Front Yard (Night,Three Part)","Front Yard (Night,Three Part)",前院(夜晚三分)
TOWERDEFENSE_PLANT_GLOOMSHROOM_NAME,Gloom-shroom,Gloom-shroom,忧郁菇
<!MissingKey:314:How familiar are you with Plants vs. Zombies?>,How familiar are you with Plants vs. Zombies?,Necromancer Zombie,【前方施工，请绕行！】
TOWERDEFENSE_ZOMBIE_MERCHANT_NAME,Merchant Zombie,Merchant Zombie,市场僵尸
TOWERDEFENSE_PLANT_RICHWOOD_NAME,Rich Torchwood,Rich Torchwood,宝藏树桩
TOWERDEFENSE_PLANT_COBCANNON_NAME,Cob Cannon,Cob Cannon,玉米加农炮
TOWERDEFENSE_PLANT_SUNGODBEAN_NAME,SunGod Bean,SunGod Bean,太阳神咖啡豆
TOWERDEFENSE_ZOMBIE_BACKUPDANCER_NAME,Backup Dancer Zombie,Backup Dancer Zombie,伴舞僵尸
TOWERDEFENSE_PLANT_WINTERMELONCAT_NAME,Wintermelon Cat,Wintermelon Cat,冰瓜香蒲
TOWERDEFENSE_ZOMBIE_VAMPIRE_NAME,Vampire Zombie,Vampire Zombie,吸血鬼僵尸
MAP_BACKYARD_NIGHT_FULL,"Back Yard (Night,Full Pool)","Back Yard (Night,Full Pool)",后院(夜晚全泳池)
TOWERDEFENSE_ZOMBIE_SNAILSHELL_NAME,Snail Imp,Snail Imp,蜗牛壳
TOWERDEFENSE_PLANT_WALLNUTABC_NAME,Nut Box,Nut Box,套盒坚果
MAP_ROOF,Roof,Roof,屋顶
TOWERDEFENSE_PLANT_SNOWBLOVER_NAME,Frozen Clover,Frozen Clover,寒冰三叶草
TOWERDEFENSE_ZOMBIE_HYPNO_NAME,Hypno Zombie,Hypno Zombie,迷魂僵尸
TOWERDEFENSE_PLANT_SNOWCORNPULT_NAME,SnowPea Pult,SnowPea Pult,寒冰投射手
TOWERDEFENSE_ZOMBIE_DOLPHINDC_NAME,Dolphin dancer zombie,Dolphin dancer zombie,伴舞海豚僵尸
TOWERDEFENSE_ZOMBIE_NECROMANCER_NAME,Necromancer Zombie,Necromancer Zombie,死灵法师僵尸
TOWERDEFENSE_PLANT_IMITATERW_NAME,Imitator Wallnut,Imitator Wallnut,坚果模仿者
TOWERDEFENSE_PLANT_HYPNOSHROOMSHOOTER_NAME,HypnoShroom Shooter,HypnoShroom Shooter,Cupid魅惑菇射手
TOWERDEFENSE_SHOVEL_DEFAULT_NAME,Iron Shovel,Iron Shovel,铁铲
TOWERDEFENSE_PLANT_TORCHWOOD_NAME,Fire torch stump,Fire torch stump,火炬树桩
TOWERDEFENSE_PLANT_FIRENUT_NAME,FireNut,FireNut,火炬坚果
TOWERDEFENSE_PLANT_SUNBOMB_NAME,SunBomb,SunBomb,阳光炸弹
TOWERDEFENSE_PLANT_CHOMPERPOT_NAME,Chomper-Pot,Chomper-Pot,大嘴花盆
TOWERDEFENSE_ZOMBIE_IMP_SEASHROOM_NAME,Seashroom ImpZombie,Seashroom ImpZombie,海蘑菇小鬼僵尸
TOWERDEFENSE_PLANT_MAGNETMINE_NAME,Magnetic Potato Mine,Magnetic Potato Mine,磁力土豆雷
TOWERDEFENSE_PLANT_JALACHERRYBOMB_NAME,Jalapeno CherryBomb ,CherryBomb,樱桃辣椒
TOWERDEFENSE_PLANT_PUMPKINSUN_NAME,Pumpkin Sun,Pumpkin Sun,阳光南瓜掌
TOWERDEFENSE_READYSETPLANTS_SET,Set...,Set...,种植...
TOWERDEFENSE_TIPS_IZM2_HUGEWAVE,A HUGE WAVE OF PLANTS IS APPROACHINE!,A HUGE WAVE OF PLANTS IS APPROACHINE!,一大波植物正在放置!
TOWERDEFENSE_PLANT_NUTSUNFLOWER_NAME,Nut Sunflower,Nut Sunflower,坚果向日葵
<!MissingKey:345:Fire Damage>,Fire Damage,PeashooterSingle,这款猫猫装扮在植物界突然盛行起来，其中豌豆家族购买的最多。等寒冰射手抢购到这身装扮时，帽子已经售空了。
TOWERDEFENSE_ZOMBIE_POGO_NAME,Pogo Zombie,Pogo Zombie,跳跳僵尸
TOWERDEFENSE_ZOMBIE_LMITATER_NAME,Lmitater Zombie,Lmitater Zombie,模仿者僵尸
TOWERDEFENSE_PLANT_PUFFPOT_NAME,PuffPot,PuffPot,小盆菇
TOWERDEFENSE_SHOVEL_CAPTAIN_NAME,Captain shovel,Captain shovel,海盗铲
TOWERDEFENSE_PLANT_SCAREDYSHROOM_NAME,Timid mushroom,Timid mushroom,胆小菇
<!MissingKey:351:Password length must be greater than 8>,Password length must be greater than 8,Roof Night,"[color=FF0000]获取方式[/color]：[color=0000cd]通关冒险模式 5-13[/color]

韧性：[color=cc241d]300[/color]
威力：[color=cc241d]20/1.5s（每行）[/color]
范围：[color=cc241d]前方三行[/color]
特点：[color=cc241d]①上下两路子弹70%概率为大蒜子弹，30%概率为毒蒜子弹；中路固定为毒蒜子弹
②大蒜子弹会使僵尸换行（车辆、boss、免控僵尸除外）
③毒蒜子弹会为单格范围内所有僵尸附加3秒中毒（不会换行）[/color]
边路补偿：[color=cc241d]种植于最上或最下行时，向前多发射一枚子弹[/color]"
DIALOG_RESTART,RESTART,RESTART,重新开始
TOWERDEFENSE_ZOMBIE_PEASHOOTER_NAME,Peashooter Zombie,Peashooter Zombie,双发射手僵尸
TOWERDEFENSE_ZOMBIE_IMP_PRESENTBOX_NAME,Presentbox ImpZombie,Presentbox ImpZombie,礼盒小鬼僵尸
TOWERDEFENSE_PLANT_CACTUS_NAME,Cactus,Cactus,仙人掌
TOWERDEFENSE_PLANT_MAGNETSHROOM_NAME,Magnet mushroom,Magnet mushroom,磁力菇
BGM_PVZHEMAIN,PvzheMain,PvzheMain,植物大战僵尸杂交版
PLAYERS_MORDEN_BACKYARD_LEVEL_NAME,Swimming Pool Defense 3 - {LevelNumber},Swimming Pool Defense 3 - {LevelNumber},泳池防守3 - {LevelNumber}
TOWERDEFENSE_PLANT_SQUIDGLOOMSHROOM_NAME,Squid Gloom-shroom,Squid Gloom-shroom,章鱼忧郁菇
TOWERDEFENSE_PLANT_LILYPOT_NAME,Lily Pot,Lily Pot,花盆睡莲
TOWERDEFENSE_PLANT_PEASHOOTERSINGLE_NAME,PeashooterSingle,PeashooterSingle,豌豆射手
TOWERDEFENSE_ZOMBIE_FOOTBALLIMP_NAME,Football ImpZombie,Football ImpZombie,冲锋橄榄小鬼僵尸
TOWERDEFENSE_PLANT_PUMPKINCANNON_NAME,Pumpkin Cannon,Pumpkin Cannon,南瓜加农炮
<!MissingKey:364:Boom Damage>,Boom Damage,Icenut,商店购买（价格15000）
TOWERDEFENSE_READYSETPLANTS_PLANTS,PLANT!,PLANT!,植物!
TOWERDEFENSE_PLANT_CORNTROP_NAME,Corntrop,Corntrop,玉米地刺
CHALLENGE_LEVEL_NAME_14,SnowMan Pea Battle - {LevelNumber},,雪球射手 挑战 - {LevelNumber}
CHALLENGE_LEVEL_NAME_13,Cat StarGatlingPea Battle - {LevelNumber},,猫猫星机枪 挑战 - {LevelNumber}
TOWERDEFENSE_PLANT_FUMESHROOM_NAME,Giant puffball,Giant puffball,大喷菇
CHALLENGE_LEVEL_NAME_12,Super FireThreePeater Battle - {LevelNumber},,浴火三线射手 挑战 - {LevelNumber}
CHALLENGE_LEVEL_NAME_11,SpikeShroom Battle - {LevelNumber},,雷果子 挑战 - {LevelNumber}
CHALLENGE_LEVEL_NAME_10,Butter GloomShroom Battle - {LevelNumber},,黄油忧郁菇 挑战 - {LevelNumber}
BGM_ROOF_NIGHT,Roof Night,Roof Night,屋顶(夜晚)
TOWERDEFENSE_PLANT_POTATOMINE_NAME,Potato mine,Potato mine,土豆雷
TOWERDEFENSE_PLANT_SNOWPEACAT_NAME,SnowPea Cat,SnowPea Cat,寒冰香蒲
TOWERDEFENSE_ZOMBIE_GARGANTUARDIGGER_NAME,Gargantuar Digger,Gargantuar Digger,矿工伽刚特尔
TOWERDEFENSE_PLANT_QUEENSUNFLOWER_NAME,Queen Sunflower,Queen Sunflower,向日葵女王
TOWERDEFENSE_ZOMBIE_TALLNUT_NAME,IceTallNut Zombie,IceTallNut Zombie,高坚果僵尸
TOWERDEFENSE_ZOMBIE_POGOJACKSON_NAME,Dance Dance Zombie Jackson,Dance Dance Zombie Jackson,跳跳舞王僵尸
TOWERDEFENSE_PLANT_POWSHROOM_NAME,Pow Shroom,Pow Shroom,辣椒大炮菇
TOWERDEFENSE_PLANT_GATLINGPEA_NAME,GatlingPea,GatlingPea,机枪射手
TOWERDEFENSE_ZOMBIE_POT_NAME,Pot Zombie,Pot Zombie,罐子僵尸
LOAD_MOWER,Load mower,Load mower,加载小推车
TOWERDEFENSE_PLANT_CORNPULTM_NAME,Magnetic Cornpult,Magnetic Cornpult,磁力玉米投手
TOWERDEFENSE_ZOMBIE_SUNFLOWER_NAME,Sunflower Zombie,Sunflower Zombie,向日葵僵尸
TOWERDEFENSE_PLANT_ICENUT_NAME,Icenut,Icenut,冰冻坚果
TOWERDEFENSE_PLANT_IMITATER_NAME,Imitator,Imitator,模仿者
TOWERDEFENSE_PLANT_CATFLOWER_NAME,Cat Flower,Cat Flower,小猫向日葵
TOWERDEFENSE_ZOMBIE_DISCOPAPER_NAME,Disco PaperZombie,Disco PaperZombie,读报迪斯科僵尸
TOWERDEFENSE_PLANT_ICESEASHROOM_NAME,Ice Seashroom,Ice Seashroom,海冰菇
TOWERDEFENSE_PLANT_DAYVASE_NAME,Jalapeno Vase,Jalapeno Vase,日月罐子
TOWERDEFENSE_PLANT_TANGLEKELPH_NAME,Enchanted Seaweed,Enchanted Seaweed,魅惑海草
TOWERDEFENSE_PLANT_FEVERBLOVER_NAME,Fever Blover,Fever Blover,狂热三叶草
DIALOG_SFX,Sound FX,Sound FX,音效
DIALOG_LOGIN,LOGIN,LOGIN,登录
TOWERDEFENSE_ZOMBIE_IMPPULT_NAME,Catapult Zombie,Catapult Zombie,小鬼投石车僵尸
TOWERDEFENSE_PLANT_COFFEELEAF_NAME,Coffee leaf,Coffee leaf,咖啡伞
TOWERDEFENSE_ZOMBIE_BUNGI_NAME,Digger Zombie,Digger Zombie,蹦极僵尸
PLAYERS_MORDEN_ROOFNIGHT_LEVEL_NAME,Moonlight Battle 6 - {LevelNumber},Moonlight Battle 6 - {LevelNumber},月夜决战6 - {LevelNumber}
<!MissingKey:400:freeze Buff>,freeze Buff,Roof Battle 5 - {LevelNumber},来自气球车僵尸的“礼物”。
MAP_ROOF_NIGHT,Roof Night,Roof Night,屋顶(夜晚)
TOWERDEFENSE_PLANT_TALLNUT_NAME,Sea Nut,Sea Nut,高坚果
LOAD_AUDIO,Load audio,Load audio,加载音效
TOWERDEFENSE_ZOMBIE_CAT_NAME,Zombie Cat,Zombie Cat,猫战士僵尸
TOWERDEFENSE_PLANT_ICETALLNUT_NAME,Ice TallNut,Ice TallNut,高冰果
TOWERDEFENSE_ZOMBIE_GATLINGPEA_NAME,Machine Gun Zombie,Machine Gun Zombie,机枪僵尸
TOWERDEFENSE_PLANT_STARFRUIT_NAME,Starfruit,Starfruit,杨桃
TOWERDEFENSE_SHOVEL_PUMPKIN_NAME,Pumpkin shovel,Pumpkin shovel,南瓜铲
TOWERDEFENSE_PLANT_CABBAGEPULT_NAME,Cabbage Pult,Cabbage Pult,卷心菜投手
TOWERDEFENSE_ZOMBIE_NUT_NAME,Nut Zombie,Nut Zombie,坚果僵尸
<!MissingKey:411:Registered successfully>,Registered successfully,You got a new zombie!,杨桃可以向五个方向发射小星星。
MAP_FRONTLAWN_COLD_BIG,"Front Yard (Winter,Big Map)","Front Yard (Winter,Big Map)",前院(冬大地图)
TOWERDEFENSE_PLANT_PORTALLNUT_NAME,Portal Tall Nut,Portal Tall Nut,传送门高坚果
TOWERDEFENSE_ZOMBIE_STARFRUIT_NAME,Starfruit Zombie,Starfruit Zombie,杨桃僵尸
TOWERDEFENSE_ZOMBIE_FOOTBALLGARGANTUARBLACKWHITEEYES_NAME,BlackFootball Gargantuar,BlackFootball Gargantuar,冲锋黑橄榄伽刚特尔
TOWERDEFENSE_MOWER_SUN_NAME,Sun Mower,Sun Mower,阳光小推车
TOWERDEFENSE_ZOMBIE_GARGANTUAR_GLOOMPULT_NAME,Armored Gargantuar,Armored Gargantuar,忧郁菇投手伽刚特尔
TOWERDEFENSE_PLANT_FIRETALLNUT_NAME,Cold Fire TallNut,Cold Fire TallNut,冰炬高坚果
TOWERDEFENSE_PLANT_PEACANNON_NAME,Pea Cannon,Pea Cannon,豌豆大炮
TOWERDEFENSE_ZOMBIE_CONEHEAD_NAME,Conehead Zombie,Conehead Zombie,路障僵尸
<!MissingKey:421:Password not same>,Password not same,PASSWORD,我们来玩保龄球吧！
PLAYERS_MORDEN_ROOF_LEVEL_NAME,Roof Battle 5 - {LevelNumber},Roof Battle 5 - {LevelNumber},屋顶大战5 - {LevelNumber}
<!MissingKey:423:THE TOMBSTONE IS STARTING TO LOOSEN>,THE TOMBSTONE IS STARTING TO LOOSEN,Snorkel Zombie,哟，伙计，你刚刚获得了一把新的铲子！
TOWERDEFENSE_ZOMBIE_BALLOONPULT_NAME,BalloonPult Zombie,BalloonPult Zombie,气球车僵尸
TOWERDEFENSE_PLANT_GARLICTALLNUT_NAME,Garlic Tall-Nut,Garlic Tall-Nut,大蒜高坚果
TOWERDEFENSE_PLANT_THREEPEATERU_NAME,Super FireThreePeashooter,Super FireThreePeashooter,浴火三线射手
TOWERDEFENSE_ZOMBIE_SEADEMON_NAME,Sea Demon Zombie,Sea Demon Zombie,海妖僵尸
LEVLE_EVENT_CURRENTMAP_CHARACTER_CLEAR,CurrentMapCharacterClear,CurrentMapCharacterClear,清除当前地图角色
TOWERDEFENSE_ZOMBIE_FOOTBALL_GLOOMSHROOM_NAME,Football FumeShroom Zombie,Football FumeShroom Zombie,忧郁菇橄榄球僵尸
LEVLE_EVENT_GRAVESTONE_CREATE_RANDOM,GravestoneCreateRandom,GravestoneCreateRandom,随机位置创建墓碑
TOWERDEFENSE_ZOMBIE_GARGANTUAR_PRESENTBOX_NAME,Gargantuar presentbox,Gargantuar presentbox,礼盒伽刚特尔
LOAD_SHOVEL,Load shovel,Load shovel,加载铲子
AWARD_PACKET_ZOMBIE,You got a new zombie!,You got a new zombie!,你获得了一种新僵尸!
TOWERDEFENSE_PLANT_SUNFLAGBEAN_NAME,Flag SunBean,Flag SunBean,旗帜阳光豆
TOWERDEFENSE_ZOMBIE_POGODANCER_NAME,Jumping Dance Zombie,Jumping Dance Zombie,跳跳伴舞僵尸
MAP_UNDEADVILLAGE_EMPTY,"Undead Village (Night,Empty)","Undead Village (Night,Empty)",鬼灵村庄(裸地)
TOWERDEFENSE_PLANT_POTQX_NAME,Portal Tall Nut,Portal Tall Nut,全息投影花盆
TOWERDEFENSE_PLANT_STARPEATER_NAME,Star Threepeater,Star Threepeater,杨桃三线射手
TOWERDEFENSE_PLANT_CATTAILZ_NAME,Zombie Cattail,Zombie Cattail,僵尸猫尾草
MAP_FRONTLAWN_BIG,"Front Yard (Day,Big Map)","Front Yard (Day,Big Map)",前院(白天大地图)
MAP_FRONTLAWN_NIGHT_DEEP,Front Yard (Deep Night),Front Yard (Deep Night),前院(深夜)
TOWERDEFENSE_PLANT_SNOWMANPEA_NAME,SnowMan Pea,SnowMan Pea,雪球射手
DIALOG_PASSWORD,PASSWORD,PASSWORD,密码
TOWERDEFENSE_PLANT_KABBAGETAIL_NAME,Cornmeal tortilla and cattail,Cornmeal tortilla and cattail,玉米卷香蒲
TOWERDEFENSE_ZOMBIE_SNORKLE_NAME,Snorkel Zombie,Snorkel Zombie,潜水僵尸
TOWERDEFENSE_ZOMBIE_GARGANTUARZOMBONI_NAME,Zomboni Gargantuar,Zomboni Gargantuar,雪橇车巨人僵尸
LEVLE_EVENT_CREATE_PROTAL,CreateProtal,CreateProtal,创建传送门
TOWERDEFENSE_ZOMBIE_JACKSON_NAME,Dancing Zombie,Dancing Zombie,舞王僵尸
TOWERDEFENSE_PLANT_PIRATEPEATER_NAME,Pirate Threepeater,Pirate Threepeater,海盗三线射手
TOWERDEFENSE_PLANT_POTATOSTAR_NAME,Potato Star,Potato Star,土杨桃
TOWERDEFENSE_ZOMBIE_DARKFOOTBALL_NAME,Dark football zombie,Dark football zombie,暗黑橄榄球僵尸
TOWERDEFENSE_PLANT_CHOMPER_NAME,Chomper,Chomper,大嘴花
TOWERDEFENSE_ZOMBIE_CABBAGEPULT_NAME,Cabbagepult Zombie,Cabbagepult Zombie,卷心菜投手僵尸
TOWERDEFENSE_PLANT_TALLNUTARMED_NAME,Armed Tall-nut,Armed Tall-nut,装甲高坚果
TOWERDEFENSE_ZOMBIE_DUCKRIDER_NAME,Zombie Duckrider,Zombie Duckrider,骑鸭僵尸
TOWERDEFENSE_TIPS_FINALWAVE,FINAL WAVE,FINAL WAVE,最后一波
TOWERDEFENSE_PLANT_SHOOTINGSTARS_NAME,Shooting Stars,Shooting Stars,流星
TOWERDEFENSE_ZOMBIE_POLESTRIKER_NAME,Olive Polestalker,Olive Polestalker,冲锋橄榄撑杆僵尸
TOWERDEFENSE_ZOMBIE_DISCOFIRE_NAME,Fire Disco Zombie,Fire Disco Zombie,火焰迪斯科僵尸
TOWERDEFENSE_PLANT_GRAVEBOMBER_NAME,Grave Bomber,Grave Bomber,墓碑爆破者
LOGIN_SUCCESS,Log in successfully,Log in successfully,登录成功!
MAP_FRONTLAWN_AFTERNOON,Front Yard (Afternoon),Front Yard (Afternoon),前院(黄昏)
TOWERDEFENSE_PLANT_GATLINGCAT_NAME,Gatling PeaCat,Gatling PeaCat,机枪香蒲
TOWERDEFENSE_ZOMBIE_DANCERFIRE_NAME,Fire DancerZombie,Fire Dancer Zombie,火焰舞者僵尸
TOWERDEFENSE_PLANT_SPLITPEACAT_NAME,Ghost-Jalapeno,Ghost-Jalapeno,裂荚香蒲
TOWERDEFENSE_ZOMBIE_DIGGER_NAME,Digger Zombie,Digger Zombie,矿工僵尸
LOAD_CHARACTER,Load character,Load character,加载植物和僵尸
TOWERDEFENSE_SHOVEL_MELON_NAME,Melon shovel,Melon shovel,西瓜铲
TOWERDEFENSE_PLANT_PUMPKINFIRE_NAME,Fire Pumpkin,Fire Pumpkin,火焰南瓜壳
TOWERDEFENSE_PLANT_GOLDPEA_NAME,Golden Pea,Golden Pea,吸金磁射手
TOWERDEFENSE_PLANT_WILDPEA_NAME,WildPea,WildPea,狂野机枪射手
TOWERDEFENSE_PLANT_MARIGOLD_NAME,Marigold,Marigold,金盏花
TOWERDEFENSE_ZOMBIE_DIAMOND_NAME,Diamond Zombie,Diamond Zombie,钻石僵尸
TOWERDEFENSE_PLANT_HYPNOGARLIC_NAME,HypnoGarlic,HypnoGarlic,魅惑大蒜
TOWERDEFENSE_ZOMBIE_BACKUP_NAME,DancerZombie,Dancer Zombie,舞者僵尸
TOWERDEFENSE_ZOMBIE_BACKUPPAPER_NAME,Backup PaperZombie,Backup PaperZombie,愤怒舞者僵尸
TOWERDEFENSE_PLANT_SUNFLOWERPEA_NAME,SunflowerPea,SunflowerPea,豌豆向日葵
TOWERDEFENSE_PLANT_MAGNETNUT_NAME,MagnetNut,MagnetNut,磁力坚果
TOWERDEFENSE_ZOMBIE_IMPDIAMOND_NAME,Diamond ImpZombie,Diamond ImpZombie,钻石小鬼僵尸
TOWERDEFENSE_PLANT_JALAVASE_NAME,Jalapeno Vase,Jalapeno Vase,泡椒罐子
TOWERDEFENSE_ZOMBIE_FOOTBALLGARGANTUARBLACK_NAME,BlackFootball Gargantuar,BlackFootball Gargantuar,暴走黑橄榄红眼伽刚特尔
LOAD_PROJECTILE,Load projectile,Load projectile,加载子弹
TOWERDEFENSE_PLANT_SEASHROOM_NAME,Sea-shroom,Sea-shroom,海蘑菇
PLAYERS_MORDEN_IZM2_NIGHT_LEVEL_NAME,Izm2 Nightfall 2 - {LevelNumber},Izm2 Nightfall 2 - {LevelNumber},我是僵尸2 - {LevelNumber}
TOWERDEFENSE_ZOMBIE_GARGANTUAR_WALLNUTZ_NAME,Armored Gargantuar,Armored Gargantuar,僵尸坚果伽刚特尔
TOWERDEFENSE_ZOMBIE_FOOTBALL_NAME,Football Zombie,Football Zombie,橄榄球僵尸
TOWERDEFENSE_MOWER_DEFAULT_NAME,Default Mower,Default Mower,草坪小推车
TOWERDEFENSE_PLANT_TORCHWOODSTAR_NAME,Torchwoodstar,Torchwoodstar,杨桃树桩
HAMMER,Hammer,Hammer,锤子
TOWERDEFENSE_PLANT_CARDLESS_NAME,Cardless,Cardless,全息卡牌投影
TOWERDEFENSE_ZOMBIE_POGOBALL_NAME,PogoBallZombie,PogoBallZombie,跳跳球僵尸
TOWERDEFENSE_PLANT_HYPNOSHROOM_NAME,Hypno Shroom,Hypno Shroom,魅惑菇
TOWERDEFENSE_PLANT_GARGANTUARSHROOM_NAME,Gargantuar Shroom,Gargantuar Shroom,红眼菇
TOWERDEFENSE_PLANT_UPGRADEBEAN_NAME,Upgrade Coffee-bean,Upgrade Coffee-bean,升值豆
TOWERDEFENSE_ZOMBIE_ZAMBONIPULT_NAME,Ice Truck Zombie,Ice Truck Zombie,投冰车僵尸
TOWERDEFENSE_ZOMBIE_HYPNOTIST_NAME,Hypnotist Zombie,Hypnotist Zombie,催眠师僵尸
TOWERDEFENSE_ZOMBIE_CREW_NAME,Crew Zombie,Crew Zombie,海盗船员僵尸
TOWERDEFENSE_PLANT_JEWELBOMB_NAME,Jewel Bomb,Jewel Bomb,宝石炸弹
TOWERDEFENSE_ZOMBIE_GARGANTUAR_REDEYE_NAME,Gargantuar,Gargantuar,暴走伽刚特尔
TOWERDEFENSE_ZOMBIE_DIGGER_POTATOMINE_NAME,Gatling Pea Digger Zombie,Gatling Pea Digger Zombie,土豆雷矿工僵尸
TOWERDEFENSE_PLANT_CHOMPERBLOW_NAME,Chomper Blow,Chomper Blow,三叶大嘴花
TOWERDEFENSE_PLANT_NUTSEED_NAME,Sunflower Seed,Sunflower Seed,瓜子
TOWERDEFENSE_PLANT_POT_NAME,Pot,Pot,花盆
TOWERDEFENSE_PLANT_PUMPSLED_NAME,Pumpkin Sledge,Pumpkin Sledge,巨型南瓜雪橇
TOWERDEFENSE_ZOMBIE_FOOTBALLBLACK_FUMESHROOM_NAME,FootballBlack FumeShroom Zombie,FootballBlack FumeShroom Zombie,大喷菇暗黑橄榄球僵尸
TOWERDEFENSE_ZOMBIE_ARMORED_GARGANTUARREDEYES_NAME,Armored GargantuarRedEyes,Armored GargantuarRedEyes,武装红眼伽刚特尔
TOWERDEFENSE_ZOMBIE_CAPTAIN_NAME,Captain Zombie,Captain Zombie,海盗船长僵尸
TOWERDEFENSE_PLANT_BOWLINGEGG_NAME,Bowling Easter-Egg,Bowling Easter-Egg,保龄球彩蛋
TOWERDEFENSE_PLANT_MELONNUT_NAME,Watermelon Nut,Watermelon Nut,西瓜坚果
DIALOG_REGISTER,REGISTER,REGISTER,注册
TOWERDEFENSE_PLANT_SNOWSHROOM_NAME,Snow Shroom,Snow Shroom,雪花寒冰菇
TOWERDEFENSE_PLANT_SUNPAD_NAME,Poached Pad,Poached Pad,骄阳睡莲
TOWERDEFENSE_PLANT_SQUASHKING_NAME,Squash King,Squash King,窝瓜王
BGM_BRAINIAC_MANIAC,BrainiacManiac,BrainiacManiac,BOSS战
TOWERDEFENSE_PLANT_PRESENTBOX_NAME,PresentBox,PresentBox,抽奖盒子
TOWERDEFENSE_PLANT_SUNPEASHOOTER_NAME,Sun PeaShooter,Sun PeaShooter,骄阳豌豆射手
TOWERDEFENSE_ZOMBIE_BACKUPGARGANTUAR_NAME,Zombie Backup Gargantuar,Zombie Backup Gargantuar,伴舞伽刚特尔
MAP_TREASUREISLAND_FRONTLAWN,Gold and Silver Island,Gold and Silver Island,金银岛
TOWERDEFENSE_PLANT_DISGUISERGATLING_NAME,Disguiser Blover,Disguiser Blover,伪装的机枪射手
TOWERDEFENSE_PLANT_DOOMSHROOM_NAME,Doom-shroom,Doom-shroom,毁灭菇
TOWERDEFENSE_ZOMBIE_MELONPULT_NAME,Melonpult Zombie,Melonpult Zombie,西瓜投手僵尸
MAP_VAMPIRE,Vampire,Vampire,吸血鬼屋
TOWERDEFENSE_PLANT_TWINKABBAGE_NAME,Twin-KabbageTail,Twin-KabbageTail,双重玉米卷香蒲
TOWERDEFENSE_PLANT_CHOMPERZ_NAME,Zombie Chomper,Zombie Chomper,僵尸大嘴花
TOWERDEFENSE_PLANT_VIPNUT_NAME,VIP Nut,VIP Nut,至尊VIP坚果
TOWERDEFENSE_ZOMBIE_FOOTBALLIMPBLACK_NAME,BlackFootball ImpZombie,BlackFootball ImpZombie,暴走黑橄榄红眼小鬼僵尸
TOWERDEFENSE_PLANT_JALANUT_NAME,Jalapeno Nut,Jalapeno Nut,火爆坚果
INGAME_VIEW_BACK,CLICK ANYWHERE TO RETURN,CLICK ANYWHERE TO RETURN,点击任意位置返回
TOWERDEFENSE_PLANT_CHERRYBOMB_NAME,CherryBomb,CherryBomb,樱桃炸弹
TOWERDEFENSE_PLANT_JALASUNSHROOM_NAME,Chili Sun Mushroom,Chili Sun Mushroom,辣椒阳光菇
TOWERDEFENSE_PLANT_MARIGOLDMAGNET_NAME,Golden Gold Magnet,Golden Gold Magnet,金盏吸金磁
TOWERDEFENSE_ZOMBIE_FOOTBALLBLACK_GLOOMSHROOM_NAME,FootballBlack FumeShroom Zombie,FootballBlack FumeShroom Zombie,忧郁菇暗黑橄榄球僵尸
INGAME_ROCK,LET'S ROCK!,LET'S ROCK!,一起摇滚吧!
MAP_UNDEADVILLAGE_BROKEN,"Undead Village (Night,BrokenEmpty)","Undead Village (Night,BrokenEmpty)",鬼灵村庄(裸地破损)
LEVLE_EVENT_SET_GAME_MODE,SetGameMode,SetGameMode,设置游戏模式
TOWERDEFENSE_PLANT_SPIKESHROOM_NAME,Spike Shroom,Spike Shroom,雷果子
DIALOG_EXIT,EXIT,EXIT,退出关卡
TOWERDEFENSE_PLANT_JALAPENO_NAME,Jalapeno,Jalapeno,火爆辣椒
TOWERDEFENSE_ZOMBIE_SPECIALHELMET_NAME,Bucket Head Zombie,Bucket Head Zombie,废稿头盔僵尸
TOWERDEFENSE_PLANT_ICECACTUS_NAME,Ice Cactus,Ice Cactus,寒冰仙人掌
TOWERDEFENSE_ZOMBIE_ICENUT_NAME,IceNut Zombie,IceNut Zombie,冰冻坚果僵尸
TOWERDEFENSE_PLANT_ICESHROOM_NAME,Ice-shroom,Ice-shroom,寒冰菇
TOWERDEFENSE_PLANT_COFFEEBEANSALE_NAME,Sale Coffee-bean,Sale Coffee-bean,促销豆
TOWERDEFENSE_PLANT_PINATA_NAME,Pinata,Pinata,消消乐糖果
TOWERDEFENSE_PLANT_HAMMERLIGHT_NAME,Hammer Light,Hammer Light,荧光木槌
MAP_FRONTLAWN_COLD,Front Yard (Winter),Front Yard (Winter),前院(冬)
TOWERDEFENSE_TIPS_DAY,SUN IS RISING,SUN IS RISING,天亮了！
TOWERDEFENSE_ZOMBIE_BED_NAME,Bed zombie,Bed zombie,床车僵尸
TOWERDEFENSE_ZOMBIE_YETIDIGGER_NAME,Yeti Digger Zombie,Yeti Digger Zombie,矿工雪人僵尸
MAP_TREASUREISLAND_FRONTLAWN_NIGHT,Gold and Silver Island Night,Gold and Silver Island Night,金银岛(夜晚)
TOWERDEFENSE_ZOMBIE_BALLOONCOLOUR_NAME,Colorful Balloon Zombie,Colorful Balloon Zombie,多彩气球僵尸
PLAYERS_MORDEN_BACKYARD_NIGHT_LEVEL_NAME,Crossover Fog 4 - {LevelNumber},Crossover Fog 4 - {LevelNumber},穿越迷雾4 - {LevelNumber}
TOWERDEFENSE_PLANT_CACTUSBLOVER_NAME,CactusBlover,CactusBlover,仙人三叶草
TOWERDEFENSE_PLANT_SEASTAR_NAME,Sea Star,Sea Star,海洋星
TOWERDEFENSE_PLANT_HYPNODOOMSHROOM_NAME,HypnoDoomShroom,HypnoDoomShroom,魅惑毁灭菇
TOWERDEFENSE_PLANT_FIREWORK_NAME,FireWork,FireWork,潜艇烟花
TOWERDEFENSE_PLANT_THREEPEATERG_NAME,Threepeater Garlic,Threepeater Garlic,大蒜三线射手
TOWERDEFENSE_ZOMBIE_IMP_PUFFSHROOM_NAME,Puffshroom ImpZombie,Puffshroom ImpZombie,小喷菇小鬼僵尸
TOWERDEFENSE_ZOMBIE_JALAPENO_NAME,Hot Pepper Zombie,Hot Pepper Zombie,火爆辣椒僵尸
TOWERDEFENSE_PLANT_MELONPULTSPIKE_NAME,Melon Pult Spike,Melon Pult Spike,地刺西瓜投手
<!MissingKey:561:TOMBSTONE BEGINS TO GROW>,TOMBSTONE BEGINS TO GROW,,寒光土豆雷
LOAD_LEVEL,Load level,Load level,加载关卡
TOWERDEFENSE_ZOMBIE_ZOMBONI_NAME,Sledge Zombie,Sledge Zombie,雪橇车僵尸
TOWERDEFENSE_ZOMBIE_IMP_SUNSHROOM_NAME,Seashroom ImpZombie,Seashroom ImpZombie,阳光菇小鬼僵尸
